k,Accuracy,Precision,Recall,F1-Score,Confusion Matrix
1,0.7771684945164506,0.7641073080481036,0.8113948919449901,0.7870414483087185,"[[733 255]
 [192 826]]"
4,0.7876370887337986,0.7995951417004049,0.7760314341846758,0.7876370887337986,"[[790 198]
 [228 790]]"
7,0.7911266201395812,0.7575236457437661,0.8654223968565815,0.807886290692343,"[[706 282]
 [137 881]]"
10,0.7996011964107677,0.779491833030853,0.843811394891945,0.810377358490566,"[[745 243]
 [159 859]]"
13,0.8015952143569293,0.7622673434856176,0.8850687622789783,0.8190909090909091,"[[707 281]
 [117 901]]"
16,0.8080757726819542,0.773552290406223,0.8791748526522594,0.8229885057471265,"[[726 262]
 [123 895]]"
19,0.80259222333001,0.7595993322203672,0.8939096267190569,0.8212996389891697,"[[700 288]
 [108 910]]"
